nombre|apellidos|email|direccion|telefono
Ana|García López|ana.garcia@example.com|Calle Colón 24, Valencia|612345678
Carlos|Martínez Ruiz|carlos.martinez@example.com|Avenida del Puerto 105, Valencia|623456789
Laura|Sánchez Pérez|laura.sanchez@example.com|Calle Xàtiva 18, Valencia|634567890
David|Fernández Gómez|david.fernandez@example.com|Calle San Vicente 72, Valencia|645678901
Marta|López Navarro|marta.lopez@example.com|Avenida Blasco Ibáñez 46, Valencia|656789012
Javier|Ruiz Torres|javier.ruiz@example.com|Calle Quart 31, Valencia|667890123
Elena|Pérez Romero|elena.perez@example.com|Calle Alboraya 58, Valencia|678901234
Sergio|Navarro Molina|sergio.navarro@example.com|Avenida Aragón 12, Valencia|689012345
Paula|Romero Vidal|paula.romero@example.com|Calle Jesús 89, Valencia|610123456
Miguel|Torres Castillo|miguel.torres@example.com|Calle Sagunto 43, Valencia|621234567
Lucía|Molina Ferrer|lucia.molina@example.com|Avenida Francia 67, Valencia|632345678
Daniel|Vidal Ortega|daniel.vidal@example.com|Calle Guillem de Castro 29, Valencia|643456789
Sara|Castillo Moreno|sara.castillo@example.com|Calle Cádiz 51, Valencia|654567890
Alejandro|Ferrer Domínguez|alejandro.ferrer@example.com|Avenida Peris y Valero 88, Valencia|665678901
Cristina|Ortega Gil|cristina.ortega@example.com|Calle Sueca 36, Valencia|676789012
Pablo|Moreno Ibáñez|pablo.moreno@example.com|Calle Burriana 14, Valencia|687890123
Irene|Gil Serrano|irene.gil@example.com|Avenida Primado Reig 92, Valencia|698901234
Álvaro|Ibáñez Cano|alvaro.ibanez@example.com|Calle Salamanca 27, Valencia|609012345
Natalia|Serrano Pastor|natalia.serrano@example.com|Calle Cuba 63, Valencia|620123456
Hugo|Cano Giménez|hugo.cano@example.com|Avenida Reino de Valencia 41, Valencia|631234567